sourceTaxonId	sourceTaxonName	sourceTaxonStage	interactionTypeId	interactionTypeName	targetTaxonId	targetTaxonName	targetTaxonStage	localityId	localityName	decimalLatitude	decimalLongitude	observationDateTime	referenceDoi	referenceCitation
EOL:365393	Cydia pomonella	Larva	RO:0002557	hasPathogen	EOL:4965151	Steinernema carpocapsae		GEONAMES:798544	Poland					Peters, A., 1996. The natural host range of Steinernema and Heterorhabditis spp. and their impact on insect populations. Biocontrol Science and Technology 6: 389-402.; Sandner, H. and Seryczynska, H., 1971. Changes in the ultrastructure of the fat-body of Galleria mellonella L. under the influence of invasion by Neoaplectana carpocapsae Weiser (Nematoda, Steinernematidae). Bull. l'Acad. Pol. Sci. 19: 67-69.
EOL:365393	Cydia pomonella	Larva	RO:0002557	hasPathogen	EOL:4965151	Steinernema carpocapsae		GEONAMES:3175395	Italy					Vinciguerra, M. T. and Tacconi, R., 1983. Variabilita morfologica di Neoaplectana carpocapsae Weiser, 1955 (Rhabditida, Nematoda) rinvenuta in larve di Laspeyresia pomonella (L.). Bolletino del Instituto di Entomologia &#147;Guido Grandi&#148;, Universita di Bologna (Italy) 38:89-94.; Peters, A., 1996. The natural host range of Steinernema and Heterorhabditis spp. and their impact on insect populations. Biocontrol Science and Technology 6: 389-402.
EOL:365393	Cydia pomonella	Larva	RO:0002557	hasPathogen	EOL:4965151	Steinernema carpocapsae								Jackson, G. J., 1965. Differentiation of three species of Neoaplectana (Nematoda: Rhabditida), grown axenically. Parasitol. 55: 571-578.
EOL:448241	Agrotis segetum	Larva	RO:0002557	hasPathogen	EOL:4965151	Steinernema carpocapsae		GEONAMES:798544	Poland					Peters, A., 1996. The natural host range of Steinernema and Heterorhabditis spp. and their impact on insect populations. Biocontrol Science and Technology 6: 389-402.; Stanuszek, S. 1970. Neoaplectana feltiae (Filipjev, 1934) --a facultative parasite of the caterpillars of Agrotinae in Poland. Zesz. Probl. Postep&#243;w Nauk Roln. 154: 331-360.
EOL:2869488	Helicoverpa armigera	Larva	RO:0002557	hasPathogen	EOL:4965151	Steinernema carpocapsae		GEONAMES:6252001	USA					Peters, A., 1996. The natural host range of Steinernema and Heterorhabditis spp. and their impact on insect populations. Biocontrol Science and Technology 6: 389-402.; Glaser, R. W., McCoy, E. E. and Girth, H. G., 1942. The biology and culture of Neoaplectana chresima, a new nematode parasitic in insects. J. Parasitol. 26: 49-495.
EOL:10382129	Vitacea polistiformis	Larva	RO:0002557	hasPathogen	EOL:4965151	Steinernema carpocapsae		GEONAMES:6252001	USA					Poinar, G. O., Jr., 1979. Nematodes for Biological Control of Insects. CRC Press, Boca Raton, FL.; Peters, A., 1996. The natural host range of Steinernema and Heterorhabditis spp. and their impact on insect populations. Biocontrol Science and Technology 6: 389-402.
EOL:441471	Semiothisa pumila	Larva	RO:0002557	hasPathogen	EOL:4965151	Steinernema carpocapsae								Veremchuk, G. V., and Litvinchuk, L. N., 1971. Nematodes of the genus Neoaplectana (Rhabditida: Steinernematidae) --parasites of the larch looper moth (Semiothisa pumila Kusn.) (Lepidoptera: Geometridae), pp. 92-95. In New and little known species of the Siberian fauna. Akad. Nauk SSR Novosibersk. (in Russian, English summary)
EOL:145304	Cyclocephala borealis	Larva	RO:0002557	hasPathogen	EOL:4965151	Steinernema carpocapsae								Klein, M. G., 1990. Efficacy against soil-inhabiting insect pests, in Entomopathogenic Nematodes in Biological Control (Gaugler, R. and Kaya, H. K., Eds) CRC Press, Boca Raton, FL, pp. 195-214.
EOL:2866900	Popillia japonica	Larva	RO:0002557	hasPathogen	EOL:4965151	Steinernema carpocapsae								Klein, M. G., 1990. Efficacy against soil-inhabiting insect pests, in Entomopathogenic Nematodes in Biological Control (Gaugler, R. and Kaya, H. K., Eds) CRC Press, Boca Raton, FL, pp. 195-214.
EOL:3257817	Rhizotrogus majalis	Larva	RO:0002557	hasPathogen	EOL:4965151	Steinernema carpocapsae								Klein, M. G., 1990. Efficacy against soil-inhabiting insect pests, in Entomopathogenic Nematodes in Biological Control (Gaugler, R. and Kaya, H. K., Eds) CRC Press, Boca Raton, FL, pp. 195-214.
EOL:144562	Ligyrus subtropicus	Larva	RO:0002557	hasPathogen	EOL:4965151	Steinernema carpocapsae								Klein, M. G., 1990. Efficacy against soil-inhabiting insect pests, in Entomopathogenic Nematodes in Biological Control (Gaugler, R. and Kaya, H. K., Eds) CRC Press, Boca Raton, FL, pp. 195-214.
EOL:2866900	Popillia japonica	Larva	RO:0002557	hasPathogen	EOL:4965151	Steinernema carpocapsae								Klein, M. G., 1990. Efficacy against soil-inhabiting insect pests, in Entomopathogenic Nematodes in Biological Control (Gaugler, R. and Kaya, H. K., Eds) CRC Press, Boca Raton, FL, pp. 195-214.
EOL:700773	Otiorhynchus ovatus	Larva	RO:0002557	hasPathogen	EOL:4965151	Steinernema carpocapsae								Klein, M. G., 1990. Efficacy against soil-inhabiting insect pests, in Entomopathogenic Nematodes in Biological Control (Gaugler, R. and Kaya, H. K., Eds) CRC Press, Boca Raton, FL, pp. 195-214.
EOL:683176	Diaprepes abbreviatus	Larva	RO:0002557	hasPathogen	EOL:4965151	Steinernema carpocapsae								Klein, M. G., 1990. Efficacy against soil-inhabiting insect pests, in Entomopathogenic Nematodes in Biological Control (Gaugler, R. and Kaya, H. K., Eds) CRC Press, Boca Raton, FL, pp. 195-214.
EOL:2667187	Graphognathus sp.	Larva	RO:0002557	hasPathogen	EOL:4965151	Steinernema carpocapsae								Klein, M. G., 1990. Efficacy against soil-inhabiting insect pests, in Entomopathogenic Nematodes in Biological Control (Gaugler, R. and Kaya, H. K., Eds) CRC Press, Boca Raton, FL, pp. 195-214.
EOL:683047	Hylobius abietis	Larva	RO:0002557	hasPathogen	EOL:4965151	Steinernema carpocapsae								Klein, M. G., 1990. Efficacy against soil-inhabiting insect pests, in Entomopathogenic Nematodes in Biological Control (Gaugler, R. and Kaya, H. K., Eds) CRC Press, Boca Raton, FL, pp. 195-214.
EOL:669932	Curculio caryae	Larva	RO:0002557	hasPathogen	EOL:4965151	Steinernema carpocapsae								Klein, M. G., 1990. Efficacy against soil-inhabiting insect pests, in Entomopathogenic Nematodes in Biological Control (Gaugler, R. and Kaya, H. K., Eds) CRC Press, Boca Raton, FL, pp. 195-214.
EOL:700034	Sphenophorus parvulus	Larva	RO:0002557	hasPathogen	EOL:4965151	Steinernema carpocapsae								Klein, M. G., 1990. Efficacy against soil-inhabiting insect pests, in Entomopathogenic Nematodes in Biological Control (Gaugler, R. and Kaya, H. K., Eds) CRC Press, Boca Raton, FL, pp. 195-214.
EOL:365393	Cydia pomonella	Larva	RO:0002557	hasPathogen	EOL:4965151	Steinernema carpocapsae								Begley, J. W., 1990. Efficacy against insect in habitats other than soil, in Entomopathogenic Nematodes in Biological Control (Gaugler, R. and Kaya, H. K., Eds) CRC Press, Boca Raton, FL, pp. 195-214.
EOL:930305	Platyptilia carduidactyla	Larva	RO:0002557	hasPathogen	EOL:4965151	Steinernema carpocapsae								Begley, J. W., 1990. Efficacy against insect in habitats other than soil, in Entomopathogenic Nematodes in Biological Control (Gaugler, R. and Kaya, H. K., Eds) CRC Press, Boca Raton, FL, pp. 195-214.
EOL:124503	Monochamus alternatus	Larva	RO:0002557	hasPathogen	EOL:4965151	Steinernema carpocapsae		GEONAMES:1861060	Japan					Begley, J. W., 1990. Efficacy against insect in habitats other than soil, in Entomopathogenic Nematodes in Biological Control (Gaugler, R. and Kaya, H. K., Eds) CRC Press, Boca Raton, FL, pp. 195-214.
EOL:733542	Liriomyza trifolii	Larva	RO:0002557	hasPathogen	EOL:4965151	Steinernema carpocapsae		GEONAMES:1861060	Japan					Begley, J. W., 1990. Efficacy against insect in habitats other than soil, in Entomopathogenic Nematodes in Biological Control (Gaugler, R. and Kaya, H. K., Eds) CRC Press, Boca Raton, FL, pp. 195-214.
EOL:1074540	Blattella germanica	Larva	RO:0002557	hasPathogen	EOL:4965151	Steinernema carpocapsae								Begley, J. W., 1990. Efficacy against insect in habitats other than soil, in Entomopathogenic Nematodes in Biological Control (Gaugler, R. and Kaya, H. K., Eds) CRC Press, Boca Raton, FL, pp. 195-214.
EOL:798315	Lycoriella auripila	Larva	RO:0002557	hasPathogen	EOL:4965151	Steinernema carpocapsae								Begley, J. W., 1990. Efficacy against insect in habitats other than soil, in Entomopathogenic Nematodes in Biological Control (Gaugler, R. and Kaya, H. K., Eds) CRC Press, Boca Raton, FL, pp. 195-214.
EOL:1041832	Alphitobius diaperinus	Larva	RO:0002557	hasPathogen	EOL:4965151	Steinernema carpocapsae								Begley, J. W., 1990. Efficacy against insect in habitats other than soil, in Entomopathogenic Nematodes in Biological Control (Gaugler, R. and Kaya, H. K., Eds) CRC Press, Boca Raton, FL, pp. 195-214.
EOL:2669512	Lissorhoptrus oryzophilus	Larva	RO:0002557	hasPathogen	EOL:4965151	Steinernema carpocapsae								Begley, J. W., 1990. Efficacy against insect in habitats other than soil, in Entomopathogenic Nematodes in Biological Control (Gaugler, R. and Kaya, H. K., Eds) CRC Press, Boca Raton, FL, pp. 195-214.
EOL:145304	Cyclocephala borealis	Larva	RO:0002557	hasPathogen	EOL:4965151	Steinernema carpocapsae								Klein, M. G., 1990. Efficacy against soil-inhabiting insect pests, in Entomopathogenic Nematodes in Biological Control (Gaugler, R. and Kaya, H. K., Eds) CRC Press, Boca Raton, FL, pp. 195-214.
EOL:145304	Cyclocephala borealis	Larva	RO:0002557	hasPathogen	EOL:4965151	Steinernema carpocapsae								Klein, M. G., 1990. Efficacy against soil-inhabiting insect pests, in Entomopathogenic Nematodes in Biological Control (Gaugler, R. and Kaya, H. K., Eds) CRC Press, Boca Raton, FL, pp. 195-214.
EOL:145304	Cyclocephala borealis	Larva	RO:0002557	hasPathogen	EOL:4965151	Steinernema carpocapsae								Klein, M. G., 1990. Efficacy against soil-inhabiting insect pests, in Entomopathogenic Nematodes in Biological Control (Gaugler, R. and Kaya, H. K., Eds) CRC Press, Boca Raton, FL, pp. 195-214.
EOL:145304	Cyclocephala borealis	Larva	RO:0002557	hasPathogen	EOL:4965151	Steinernema carpocapsae								Klein, M. G., 1990. Efficacy against soil-inhabiting insect pests, in Entomopathogenic Nematodes in Biological Control (Gaugler, R. and Kaya, H. K., Eds) CRC Press, Boca Raton, FL, pp. 195-214.
EOL:145304	Cyclocephala borealis	Larva	RO:0002557	hasPathogen	EOL:4965151	Steinernema carpocapsae								Klein, M. G., 1990. Efficacy against soil-inhabiting insect pests, in Entomopathogenic Nematodes in Biological Control (Gaugler, R. and Kaya, H. K., Eds) CRC Press, Boca Raton, FL, pp. 195-214.
EOL:145304	Cyclocephala borealis	Larva	RO:0002557	hasPathogen	EOL:4965151	Steinernema carpocapsae								Klein, M. G., 1990. Efficacy against soil-inhabiting insect pests, in Entomopathogenic Nematodes in Biological Control (Gaugler, R. and Kaya, H. K., Eds) CRC Press, Boca Raton, FL, pp. 195-214.
EOL:2866900	Popillia japonica	Larva	RO:0002557	hasPathogen	EOL:4965151	Steinernema carpocapsae								Klein, M. G., 1990. Efficacy against soil-inhabiting insect pests, in Entomopathogenic Nematodes in Biological Control (Gaugler, R. and Kaya, H. K., Eds) CRC Press, Boca Raton, FL, pp. 195-214.
EOL:2866900	Popillia japonica	Larva	RO:0002557	hasPathogen	EOL:4965151	Steinernema carpocapsae								Klein, M. G., 1990. Efficacy against soil-inhabiting insect pests, in Entomopathogenic Nematodes in Biological Control (Gaugler, R. and Kaya, H. K., Eds) CRC Press, Boca Raton, FL, pp. 195-214.
EOL:2866900	Popillia japonica	Larva	RO:0002557	hasPathogen	EOL:4965151	Steinernema carpocapsae								Klein, M. G., 1990. Efficacy against soil-inhabiting insect pests, in Entomopathogenic Nematodes in Biological Control (Gaugler, R. and Kaya, H. K., Eds) CRC Press, Boca Raton, FL, pp. 195-214.
EOL:2866900	Popillia japonica	Larva	RO:0002557	hasPathogen	EOL:4965151	Steinernema carpocapsae								Klein, M. G., 1990. Efficacy against soil-inhabiting insect pests, in Entomopathogenic Nematodes in Biological Control (Gaugler, R. and Kaya, H. K., Eds) CRC Press, Boca Raton, FL, pp. 195-214.
EOL:2866900	Popillia japonica	Larva	RO:0002557	hasPathogen	EOL:4965151	Steinernema carpocapsae								Klein, M. G., 1990. Efficacy against soil-inhabiting insect pests, in Entomopathogenic Nematodes in Biological Control (Gaugler, R. and Kaya, H. K., Eds) CRC Press, Boca Raton, FL, pp. 195-214.
EOL:2866900	Popillia japonica	Larva	RO:0002557	hasPathogen	EOL:4965151	Steinernema carpocapsae								Klein, M. G., 1990. Efficacy against soil-inhabiting insect pests, in Entomopathogenic Nematodes in Biological Control (Gaugler, R. and Kaya, H. K., Eds) CRC Press, Boca Raton, FL, pp. 195-214.
EOL:470253	Mamestra brassicae	Larva 	RO:0002557	hasPathogen	EOL:4965151	Steinernema carpocapsae		GEONAMES:798544	Poland					Stanuszek, S., 1974b. Neoaplectana feltiae pieridarum n. ecotype (Nematoa: Rhabditoidea, Steinernematidae) &#150; a parasite of Pieris brassicae L. and Mamestra brassicae L. in Poland: morphology and biology. Zeszty Problemowe Postep&#243;w Nauk Rolniczych 154: 361-391.
EOL:470253	Mamestra brassicae	Pupa	RO:0002557	hasPathogen	EOL:4965151	Steinernema carpocapsae		GEONAMES:798544	Poland					Stanuszek, S., 1974b. Neoaplectana feltiae pieridarum n. ecotype (Nematoa: Rhabditoidea, Steinernematidae) &#150; a parasite of Pieris brassicae L. and Mamestra brassicae L. in Poland: morphology and biology. Zeszty Problemowe Postep&#243;w Nauk Rolniczych 154: 361-391.
EOL:175000	Pieris brassicae	Larva 	RO:0002557	hasPathogen	EOL:4965151	Steinernema carpocapsae		GEONAMES:798544	Poland					Stanuszek, S., 1974b. Neoaplectana feltiae pieridarum n. ecotype (Nematoa: Rhabditoidea, Steinernematidae) &#150; a parasite of Pieris brassicae L. and Mamestra brassicae L. in Poland: morphology and biology. Zeszty Problemowe Postep&#243;w Nauk Rolniczych 154: 361-391.; Peters, A., 1996. The natural host range of Steinernema and Heterorhabditis spp. and their impact on insect populations. Biocontrol Science and Technology 6: 389-402.
EOL:175000	Pieris brassicae	Pupa	RO:0002557	hasPathogen	EOL:4965151	Steinernema carpocapsae		GEONAMES:798544	Poland					Stanuszek, S., 1974b. Neoaplectana feltiae pieridarum n. ecotype (Nematoa: Rhabditoidea, Steinernematidae) &#150; a parasite of Pieris brassicae L. and Mamestra brassicae L. in Poland: morphology and biology. Zeszty Problemowe Postep&#243;w Nauk Rolniczych 154: 361-391.; Peters, A., 1996. The natural host range of Steinernema and Heterorhabditis spp. and their impact on insect populations. Biocontrol Science and Technology 6: 389-402.
EOL:3819812	Cephalcia lariciphila	Pupa	RO:0002557	hasPathogen	EOL:4965151	Steinernema carpocapsae		GEONAMES:2635167	United Kingdom					Georgis, R. and Hague, N.G.M., 1981. A neoaplectanis nematode in the larch sawfly Cephalcia lariciphila (Hymenoptera: Pamphiliidae). Annals of Applied Biology 99: 171-177.; Peters, A., 1996. The natural host range of Steinernema and Heterorhabditis spp. and their impact on insect populations. Biocontrol Science and Technology 6: 389-402.
EOL:723988	Rhagoletis pomonella	Pupa	RO:0002557	hasPathogen	EOL:4965151	Steinernema carpocapsae		GEONAMES:6252001	USA					Poinar, G. O., Jr., 1986. Recognition of Neoaplectana species. Proceedings of the Helminthological Society of Washington 53: 121-129.; Peters, A., 1996. The natural host range of Steinernema and Heterorhabditis spp. and their impact on insect populations. Biocontrol Science and Technology 6: 389-402.
EOL:365393	Cydia pomonella	Larva	RO:0002557	hasPathogen	EOL:4965151	Steinernema carpocapsae		GEONAMES:3175395	Italy					Peters, A., 1996. The natural host range of Steinernema and Heterorhabditis spp. and their impact on insect populations. Biocontrol Science and Technology 6: 389-402.; Stanuszek, S. 1974. Neoaplectana feltiae complex (Nematoda: Thabditoidea, Steinernematidae) its taxonomic position within the genus Neoaplectana and intraspecific structure. Zesz. Probl. Postep&#243;w Nauk Roln. 154: 331-360.; Sandner, H. and Seryczynska, H., 1971. Changes in the ultrastructure of the fat-body of Galleria mellonella L. under the influence of invasion by Neoaplectana carpocapsae Weiser (Nematoda, Steinernematidae). Bull. l'Acad. Pol. Sci. 19: 67-69.; Vinciguerra, M. T. and Tacconi, R., 1983. Variabilita morfologica di Neoaplectana carpocapsae Weiser, 1955 (Rhabditida, Nematoda) rinvenuta in larve di Laspeyresia pomonella (L.). Bolletino del Instituto di Entomologia &#147;Guido Grandi&#148;, Universita di Bologna (Italy) 38:89-94.
EOL:3819805	Cephalcia abietis	Pupa	RO:0002557	hasPathogen	EOL:4965155	Steinernema kraussei 		GEONAMES:2921044	Germany					Steiner, G., 1923. Aplectana draussei n. sp., eine in der Blattwespe Lyda sp. parasitierende Nematodenform. Aentralblatt f&#252;r Bakteriologie, Parasitenkunde infectionskrankheiten und Hygiene, Abteilung ll 59: 14-18.; Peters, A., 1996. The natural host range of Steinernema and Heterorhabditis spp. and their impact on insect populations. Biocontrol Science and Technology 6: 389-402.; Eichhorn, O., 1988. Untersuchungen &#252;ber die Fichtengespinsblattwespen Cephalcia spp. PANZ (Hymenoptera, Panphiliidae). II. Die Larven- und Nymphenparasiten. Journal of Applied Entomology 105: 105-140.; Mr&#225;cek, A., 1986. Nematodes and other factors controlling the sawfly, Cephaleia abietis (Pamphilidae: Hymenoptera), in Czechoslovakia, Forest Ecology and Management 15: 75-79.; Fischer, P. and Fuhrer, E., 1990. Effect of soil acidity on the entomophilic nematode Steinernema kraussei Steiner. Biology and Fertility of Soil 9: 174-177.
EOL:3819805	Cephalcia abietis	Larva	RO:0002557	hasPathogen	EOL:4965155	Steinernema kraussei		GEONAMES:2921044	Germany					Eichhorn, O., 1988. Untersuchungen &#252;ber die Fichtengespinsblattwespen Cephalcia spp. PANZ (Hymenoptera, Panphiliidae). II. Die Larven- und Nymphenparasiten. Journal of Applied Entomology 105: 105-140.; Peters, A., 1996. The natural host range of Steinernema and Heterorhabditis spp. and their impact on insect populations. Biocontrol Science and Technology 6: 389-402.
EOL:3819805	Cephalcia abietis	Larva	RO:0002557	hasPathogen	EOL:4965155	Steinernema kraussei		GEONAMES:3077311	Czech Republic					Mr&#225;cek, A., 1986. Nematodes and other factors controlling the sawfly, Cephaleia abietis (Pamphilidae: Hymenoptera), in Czechoslovakia, Forest Ecology and Management 15: 75-79.
EOL:3819805	Cephalcia abietis	Larva	RO:0002557	hasPathogen	EOL:4965155	Steinernema kraussei		GEONAMES:2782113	Austria					Fischer, P. and Fuhrer, E., 1990. Effect of soil acidity on the entomophilic nematode Steinernema kraussei Steiner. Biology and Fertility of Soil 9: 174-177.
	Cephalcia falleni	Larva	RO:0002557	hasPathogen	EOL:4965155	Steinernema kraussei		GEONAMES:2921044	Germany					Eichhorn, O., 1988. Untersuchungen &#252;ber die Fichtengespinsblattwespen Cephalcia spp. PANZ (Hymenoptera, Panphiliidae). II. Die Larven- und Nymphenparasiten. Journal of Applied Entomology 105: 105-140.; Peters, A., 1996. The natural host range of Steinernema and Heterorhabditis spp. and their impact on insect populations. Biocontrol Science and Technology 6: 389-402.
EOL:3819805	Cephalcia abietis	Pupa	RO:0002557	hasPathogen	EOL:4965155	Steinernema kraussei 		GEONAMES:3077311	Czech Republic					Steiner, G., 1923. Aplectana draussei n. sp., eine in der Blattwespe Lyda sp. parasitierende Nematodenform. Aentralblatt f&#252;r Bakteriologie, Parasitenkunde infectionskrankheiten und Hygiene, Abteilung ll 59: 14-18.; Peters, A., 1996. The natural host range of Steinernema and Heterorhabditis spp. and their impact on insect populations. Biocontrol Science and Technology 6: 389-402.; Eichhorn, O., 1988. Untersuchungen &#252;ber die Fichtengespinsblattwespen Cephalcia spp. PANZ (Hymenoptera, Panphiliidae). II. Die Larven- und Nymphenparasiten. Journal of Applied Entomology 105: 105-140.; Mr&#225;cek, A., 1986. Nematodes and other factors controlling the sawfly, Cephaleia abietis (Pamphilidae: Hymenoptera), in Czechoslovakia, Forest Ecology and Management 15: 75-79.; Fischer, P. and Fuhrer, E., 1990. Effect of soil acidity on the entomophilic nematode Steinernema kraussei Steiner. Biology and Fertility of Soil 9: 174-177.
EOL:3819805	Cephalcia abietis	Pupa	RO:0002557	hasPathogen	EOL:4965155	Steinernema kraussei 		GEONAMES:2782113	Austria					Steiner, G., 1923. Aplectana draussei n. sp., eine in der Blattwespe Lyda sp. parasitierende Nematodenform. Aentralblatt f&#252;r Bakteriologie, Parasitenkunde infectionskrankheiten und Hygiene, Abteilung ll 59: 14-18.; Peters, A., 1996. The natural host range of Steinernema and Heterorhabditis spp. and their impact on insect populations. Biocontrol Science and Technology 6: 389-402.; Eichhorn, O., 1988. Untersuchungen &#252;ber die Fichtengespinsblattwespen Cephalcia spp. PANZ (Hymenoptera, Panphiliidae). II. Die Larven- und Nymphenparasiten. Journal of Applied Entomology 105: 105-140.; Mr&#225;cek, A., 1986. Nematodes and other factors controlling the sawfly, Cephaleia abietis (Pamphilidae: Hymenoptera), in Czechoslovakia, Forest Ecology and Management 15: 75-79.; Fischer, P. and Fuhrer, E., 1990. Effect of soil acidity on the entomophilic nematode Steinernema kraussei Steiner. Biology and Fertility of Soil 9: 174-177.
EOL:125739	Migdolus fryanus	Larva	RO:0002557	hasPathogen	EOL:4965156	Steinernema glaseri		GEONAMES:3469034	Brasil					Poinar, G. O., Jr., 1990. Biology and taxonomy of Steinernematidae and Heterorhabditidae, in Entomopathogenic Nematodes in Biological Control (Gaugler, R. & Kaya, H. K., eds) CRC Press, Boca Raton, FL, pp. 23-61; Peters, A., 1996. The natural host range of Steinernema and Heterorhabditis spp. and their impact on insect populations. Biocontrol Science and Technology 6: 389-402.
EOL:2866900	Popillia japonica	Larva	RO:0002557	hasPathogen	EOL:4965156	Steinernema glaseri		GEONAMES:6252001	USA					Peters, A., 1996. The natural host range of Steinernema and Heterorhabditis spp. and their impact on insect populations. Biocontrol Science and Technology 6: 389-402.; Glaser, R. W., 1932. A pathogenic nematode of the Japanese beetle. J. Parasitol. 18: 119.
EOL:3260694	Strigoderma arboricola	Larva	RO:0002557	hasPathogen	EOL:4965156	Steinernema glaseri		GEONAMES:6252001	USA					Poinar, G. O., Jr., 1986. Recognition of Neoaplectana species. Proceedings of the Helminthological Society of Washington 53: 121-129.; Peters, A., 1996. The natural host range of Steinernema and Heterorhabditis spp. and their impact on insect populations. Biocontrol Science and Technology 6: 389-402.
EOL:3260370	Anomala flavipennis	Larva	RO:0002557	hasPathogen	EOL:4965156	Steinernema glaseri		GEONAMES:6252001	USA					Poinar, G. O., Jr., 1992. Nematodes associated with Scarabaeidae, in Use of Pathogens in Scarab Pest Management (Jackson, T.A. & Glare, T.R., eds.) Intercept, Andover. pp 93-109; Peters, A., 1996. The natural host range of Steinernema and Heterorhabditis spp. and their impact on insect populations. Biocontrol Science and Technology 6: 389-402.
EOL:3257817	Rhizotrogus majalis	Larva	RO:0002557	hasPathogen	EOL:4965156	Steinernema glaseri								Klein, M. G., 1990. Efficacy against soil-inhabiting insect pests, in Entomopathogenic Nematodes in Biological Control (Gaugler, R. and Kaya, H. K., Eds) CRC Press, Boca Raton, FL, pp. 195-214.
EOL:10409125	Costelytra zealandica	Larva	RO:0002557	hasPathogen	EOL:4965156	Steinernema glaseri								Klein, M. G., 1990. Efficacy against soil-inhabiting insect pests, in Entomopathogenic Nematodes in Biological Control (Gaugler, R. and Kaya, H. K., Eds) CRC Press, Boca Raton, FL, pp. 195-214.
EOL:1013974	Adoryphorus couloni	Larva	RO:0002557	hasPathogen	EOL:4965156	Steinernema glaseri								Klein, M. G., 1990. Efficacy against soil-inhabiting insect pests, in Entomopathogenic Nematodes in Biological Control (Gaugler, R. and Kaya, H. K., Eds) CRC Press, Boca Raton, FL, pp. 195-214.
EOL:144962	Alissonotum impressicolle	Larva	RO:0002557	hasPathogen	EOL:4965156	Steinernema glaseri								Klein, M. G., 1990. Efficacy against soil-inhabiting insect pests, in Entomopathogenic Nematodes in Biological Control (Gaugler, R. and Kaya, H. K., Eds) CRC Press, Boca Raton, FL, pp. 195-214.
EOL:144562	Ligyrus subtropicus	Larva	RO:0002557	hasPathogen	EOL:4965156	Steinernema glaseri								Klein, M. G., 1990. Efficacy against soil-inhabiting insect pests, in Entomopathogenic Nematodes in Biological Control (Gaugler, R. and Kaya, H. K., Eds) CRC Press, Boca Raton, FL, pp. 195-214.
EOL:700773	Otiorhynchus ovatus	Larva	RO:0002557	hasPathogen	EOL:4965156	Steinernema glaseri								Klein, M. G., 1990. Efficacy against soil-inhabiting insect pests, in Entomopathogenic Nematodes in Biological Control (Gaugler, R. and Kaya, H. K., Eds) CRC Press, Boca Raton, FL, pp. 195-214.
EOL:683176	Diaprepes abbreviatus	Larva	RO:0002557	hasPathogen	EOL:4965156	Steinernema glaseri								Klein, M. G., 1990. Efficacy against soil-inhabiting insect pests, in Entomopathogenic Nematodes in Biological Control (Gaugler, R. and Kaya, H. K., Eds) CRC Press, Boca Raton, FL, pp. 195-214.
EOL:2667187	Graphognathus sp.	Larva	RO:0002557	hasPathogen	EOL:4965156	Steinernema glaseri								Klein, M. G., 1990. Efficacy against soil-inhabiting insect pests, in Entomopathogenic Nematodes in Biological Control (Gaugler, R. and Kaya, H. K., Eds) CRC Press, Boca Raton, FL, pp. 195-214.
EOL:124503	Monochamus alternatus	Larva	RO:0002557	hasPathogen	EOL:4965156	Steinernema glaseri		GEONAMES:1861060	Japan					Begley, J. W., 1990. Efficacy against insect in habitats other than soil, in Entomopathogenic Nematodes in Biological Control (Gaugler, R. and Kaya, H. K., Eds) CRC Press, Boca Raton, FL, pp. 195-214.
EOL:145304	Cyclocephala borealis	Larva	RO:0002557	hasPathogen	EOL:4965156	Steinernema glaseri								Klein, M. G., 1990. Efficacy against soil-inhabiting insect pests, in Entomopathogenic Nematodes in Biological Control (Gaugler, R. and Kaya, H. K., Eds) CRC Press, Boca Raton, FL, pp. 195-214.
EOL:2866900	Popillia japonica	Larva	RO:0002557	hasPathogen	EOL:4965156	Steinernema glaseri								Klein, M. G., 1990. Efficacy against soil-inhabiting insect pests, in Entomopathogenic Nematodes in Biological Control (Gaugler, R. and Kaya, H. K., Eds) CRC Press, Boca Raton, FL, pp. 195-214.
EOL:756665	Bibio ferruginatus	Larva	RO:0002557	hasPathogen	EOL:4965149	Steinernema affinis		GEONAMES:2623032	Denmark					Bovien, P., 1937. Some types of association between nematodes and insects. Videnskabelige Meddelelser fra Dansk Naturhistorisk Forening 101:1-114; Peters, A., 1996. The natural host range of Steinernema and Heterorhabditis spp. and their impact on insect populations. Biocontrol Science and Technology 6: 389-402.
EOL:756665	Bibio hortulana	Larva	RO:0002557	hasPathogen	EOL:4965149	Steinernema affinis		GEONAMES:2623032	Denmark					Bovien, P., 1937. Some types of association between nematodes and insects. Videnskabelige Meddelelser fra Dansk Naturhistorisk Forening 101:1-114; Peters, A., 1996. The natural host range of Steinernema and Heterorhabditis spp. and their impact on insect populations. Biocontrol Science and Technology 6: 389-402.
EOL:759374	Dilophus vulgaris	Larva	RO:0002557	hasPathogen	EOL:4965149	Steinernema affinis		GEONAMES:2623032	Denmark					Bovien, P., 1937. Some types of association between nematodes and insects. Videnskabelige Meddelelser fra Dansk Naturhistorisk Forening 101:1-114
EOL:44976836	Helina duplicata	Larva	RO:0002557	hasPathogen	EOL:4965149	Steinernema affinis		GEONAMES:2921044	Germany					Arne Peters, observer. Frazione Pantalla, Ecogen Europe - 3A Parco, Tecnologico Agro-Alimentare, 06050 Todi (PG) Italy.
EOL:383432	Holcocerus insularis	Larva	RO:0002557	hasPathogen	EOL:4965149	Steinernema affinis								Begley, J. W., 1990. Efficacy against insect in habitats other than soil, in Entomopathogenic Nematodes in Biological Control (Gaugler, R. and Kaya, H. K., Eds) CRC Press, Boca Raton, FL, pp. 195-214.
EOL:500277	Scapteriscus vicinus	Adult	RO:0002557	hasPathogen	EOL:9080330	Steinernema scapterisci		GEONAMES:3439705	Uruguay					Nguyen, K. B. and Smart, G. C., Jr., 1990. Steinernema scapterisci n. sp. (Rhabditida: Steinernematidae). Journal of Nematology 23: 187-199.; Peters, A., 1996. The natural host range of Steinernema and Heterorhabditis spp. and their impact on insect populations. Biocontrol Science and Technology 6: 389-402.
EOL:500277	Scapteriscus vicinus	Adult	RO:0002557	hasPathogen	EOL:9080330	Steinernema scapterisci		GEONAMES:6252001	USA					Parkman, J. P. and Frank, J. H., 1992. Infection of sound-trapped mole crickets, Scapteriscus spp., by Steinernema scapterisci. Florida Entomologist 75: 163-165.
EOL:500266	Scapteriscus borellii	Adult	RO:0002557	hasPathogen	EOL:9080330	Steinernema scapterisci		GEONAMES:6252001	USA					Parkman, J. P. and Frank, J. H., 1992. Infection of sound-trapped mole crickets, Scapteriscus spp., by Steinernema scapterisci. Florida Entomologist 75: 163-165.; Peters, A., 1996. The natural host range of Steinernema and Heterorhabditis spp. and their impact on insect populations. Biocontrol Science and Technology 6: 389-402.
EOL:500901	Acheta domesticus	Adult	RO:0002557	hasPathogen	EOL:9080330	Steinernema scapterisci		GEONAMES:6252001	USA					Nguyen, K. B. and Smart, G. C., 1991. Pathogenicity of Steinernema scapterisci to selected invertebrates. Journal of Nematology 23: 7-11.
EOL:500266	Scapteriscus borellii	Adult	RO:0002557	hasPathogen	EOL:9080330	Steinernema scapterisci		GEONAMES:6252001	USA					Nguyen, K. B. and Smart, G. C., 1991. Pathogenicity of Steinernema scapterisci to selected invertebrates. Journal of Nematology 23: 7-11.
EOL:500277	Scapteriscus vicinus	Adult	RO:0002557	hasPathogen	EOL:9080330	Steinernema scapterisci		GEONAMES:6252001	USA					Nguyen, K. B. and Smart, G. C., 1991. Pathogenicity of Steinernema scapterisci to selected invertebrates. Journal of Nematology 23: 7-11.
EOL:14294	Gryllus sp.	Adult	RO:0002557	hasPathogen	EOL:9080330	Steinernema scapterisci		GEONAMES:6252001	USA					Nguyen, K. B. and Smart, G. C., 1991. Pathogenicity of Steinernema scapterisci to selected invertebrates. Journal of Nematology 23: 7-11.
EOL:1076920	Periplaneta americana	Adult	RO:0002557	hasPathogen	EOL:9080330	Steinernema scapterisci		GEONAMES:6252001	USA					Nguyen, K. B. and Smart, G. C., 1991. Pathogenicity of Steinernema scapterisci to selected invertebrates. Journal of Nematology 23: 7-11.
EOL:500265	Scapteriscus abbreviatus	Adult	RO:0002557	hasPathogen	EOL:9080330	Steinernema scapterisci		GEONAMES:6252001	USA					Nguyen, K. B. and Smart, G. C., 1991. Pathogenicity of Steinernema scapterisci to selected invertebrates. Journal of Nematology 23: 7-11.
EOL:550348	Anticarsia gemmatalis	Adult	RO:0002557	hasPathogen	EOL:9080330	Steinernema scapterisci		GEONAMES:6252001	USA					Nguyen, K. B. and Smart, G. C., 1991. Pathogenicity of Steinernema scapterisci to selected invertebrates. Journal of Nematology 23: 7-11.
EOL:444349	Feltia subterranea	Adult	RO:0002557	hasPathogen	EOL:9080330	Steinernema scapterisci		GEONAMES:6252001	USA					Nguyen, K. B. and Smart, G. C., 1991. Pathogenicity of Steinernema scapterisci to selected invertebrates. Journal of Nematology 23: 7-11.
EOL:568711	Galleria mellonella	Adult	RO:0002557	hasPathogen	EOL:9080330	Steinernema scapterisci		GEONAMES:6252001	USA					Nguyen, K. B. and Smart, G. C., 1991. Pathogenicity of Steinernema scapterisci to selected invertebrates. Journal of Nematology 23: 7-11.
EOL:533408	Spodoptera frugiperda	Adult	RO:0002557	hasPathogen	EOL:9080330	Steinernema scapterisci		GEONAMES:6252001	USA					Nguyen, K. B. and Smart, G. C., 1991. Pathogenicity of Steinernema scapterisci to selected invertebrates. Journal of Nematology 23: 7-11.
EOL:1045608	Apis mellifera	Adult	RO:0002557	hasPathogen	EOL:9080330	Steinernema scapterisci		GEONAMES:6252001	USA					Nguyen, K. B. and Smart, G. C., 1991. Pathogenicity of Steinernema scapterisci to selected invertebrates. Journal of Nematology 23: 7-11.
EOL:500266	Scapteriscus borellii	Larva	RO:0002557	hasPathogen	EOL:9080330	Steinernema scapterisci		GEONAMES:3865483	Argentina					Stock, S. P., Gardner, L. L., Wu, F. F. and Kaya, H. K., 1995. Characterization of two Steinernema scapterisci populations (Nematoda: Steinernematidae) using morphology and random amplified polymorphic DNA markers. Journal of the Helminthological Society of Washington 62: 242-249.; Peters, A., 1996. The natural host range of Steinernema and Heterorhabditis spp. and their impact on insect populations. Biocontrol Science and Technology 6: 389-402.
EOL:448042	Agrotis ipsilon	Larva	RO:0002557	hasPathogen	EOL:4965148	Steinernema feltiae		GEONAMES:2186224	New Zealand					Wright, P. J. and Jackson, T. A., 1988. Low temperature activity and infectivity of a parasitic nematode against porina and grass grub larvae, in Proceedings of the Forty-first New Zealand Weed and Pest Control Conference. pp. 138-140.; Peters, A., 1996. The natural host range of Steinernema and Heterorhabditis spp. and their impact on insect populations. Biocontrol Science and Technology 6: 389-402.; Caballero, Pl, Vargas-Osuna, E. and Santiago-Alvarez, C., 1989. Presencia de &#147;gusanos grises&#148; sobre diversos cultivos en Andalucia y Extremadura y sus parasitos y patogenos asociados, Boletin de Sanidad Vegetal y Plagas 15: 3-7,
EOL:10480875	Eudonia sabulosella		RO:0002557	hasPathogen	EOL:4965148	Steinernema feltiae		GEONAMES:2186224	New Zealand					Peters, A., 1996. The natural host range of Steinernema and Heterorhabditis spp. and their impact on insect populations. Biocontrol Science and Technology 6: 389-402.
EOL:124503	Monochamus alternatus		RO:0002557	hasPathogen	EOL:4965148	Steinernema feltiae		GEONAMES:1861060	Japan					Begley, J. W., 1990. Efficacy against insect in habitats other than soil, in Entomopathogenic Nematodes in Biological Control (Gaugler, R. and Kaya, H. K., Eds) CRC Press, Boca Raton, FL, pp. 195-214.
EOL:798315	Lycoriella auripila		RO:0002557	hasPathogen	EOL:4965148	Steinernema feltiae								Begley, J. W., 1990. Efficacy against insect in habitats other than soil, in Entomopathogenic Nematodes in Biological Control (Gaugler, R. and Kaya, H. K., Eds) CRC Press, Boca Raton, FL, pp. 195-214.
EOL:683047	Hylobius abietis	Adult	RO:0002557	hasPathogen	EOL:4965148	Steinernema feltiae		GEONAMES:3077311	Czech Republic					Peters, A., 1996. The natural host range of Steinernema and Heterorhabditis spp. and their impact on insect populations. Biocontrol Science and Technology 6: 389-402.
EOL:37586755	Platynus dorsalis	Adult	RO:0002557	hasPathogen	EOL:4965148	Steinernema feltiae		GEONAMES:2921044	Germany					Bathon, H., 1996. Impact of entomopathogenic nematodes on non-target hosts. Biocontrol Science and technology 6: 421-434.
	Pardileus calceatus	Larva	RO:0002557	hasPathogen	EOL:4965148	Steinernema feltiae								Stammer, H. J. and Wachek, F., 1952. Ein neuer parasitischer Nematode, Carabonema hasei h.g. h.sp. (Carbonematidae n. fam.). Zool. Anz. 148: 185-193
EOL:3265215	Selatosomus melancholicus	Larva	RO:0002557	hasPathogen	EOL:4965148	Steinernema feltiae		GEONAMES:2017370	Russia					Peters, A., 1996. The natural host range of Steinernema and Heterorhabditis spp. and their impact on insect populations. Biocontrol Science and Technology 6: 389-402.
EOL:3273613	Pytho depressus	Larva	RO:0002557	hasPathogen	EOL:4965148	Steinernema feltiae		GEONAMES:2017370	Russia					Peters, A., 1996. The natural host range of Steinernema and Heterorhabditis spp. and their impact on insect populations. Biocontrol Science and Technology 6: 389-402.
EOL:2661565	Rhagium inquisitor	Larva	RO:0002557	hasPathogen	EOL:4965148	Steinernema feltiae		GEONAMES:2017370	Russia					Peters, A., 1996. The natural host range of Steinernema and Heterorhabditis spp. and their impact on insect populations. Biocontrol Science and Technology 6: 389-402.
EOL:3257768	Amphimallon solstitialis	Larva	RO:0002557	hasPathogen	EOL:4965148	Steinernema feltiae								Poinar, G. O., Jr., 1979. Nematodes for Biological Control of Insects. CRC Press, Boca Raton, FL.; Peters, A., 1996. The natural host range of Steinernema and Heterorhabditis spp. and their impact on insect populations. Biocontrol Science and Technology 6: 389-402.
EOL:21829030	Melolontha afflicta	Larva	RO:0002557	hasPathogen	EOL:4965148	Steinernema feltiae								Poinar, G. O., Jr., 1992. Nematodes associated with Scarabaeidae, in Use of Pathogens in Scarab Pest Management (Jackson, T.A. & Glare, T.R., eds.) Intercept, Andover. pp 93-109
EOL:143114	Onitis alexis	Larva	RO:0002557	hasPathogen	EOL:4965148	Steinernema feltiae								Poinar, G. O., Jr., 1992. Nematodes associated with Scarabaeidae, in Use of Pathogens in Scarab Pest Management (Jackson, T.A. & Glare, T.R., eds.) Intercept, Andover. pp 93-109; Peters, A., 1996. The natural host range of Steinernema and Heterorhabditis spp. and their impact on insect populations. Biocontrol Science and Technology 6: 389-402.
EOL:1015337	Pentodon algerinum	Larva	RO:0002557	hasPathogen	EOL:4965148	Steinernema feltiae								Poinar, G. O., Jr., 1992. Nematodes associated with Scarabaeidae, in Use of Pathogens in Scarab Pest Management (Jackson, T.A. & Glare, T.R., eds.) Intercept, Andover. pp 93-109; Peters, A., 1996. The natural host range of Steinernema and Heterorhabditis spp. and their impact on insect populations. Biocontrol Science and Technology 6: 389-402.
EOL:3222852	Capnodis tenebrionis	Larva	RO:0002557	hasPathogen	EOL:4965148	Steinernema feltiae		GEONAMES:2510769	Spain					Peters, A., 1996. The natural host range of Steinernema and Heterorhabditis spp. and their impact on insect populations. Biocontrol Science and Technology 6: 389-402.
EOL:530998	Graphognathus leucoloma	Larva	RO:0002557	hasPathogen	EOL:4965148	Steinernema feltiae		GEONAMES:2186224	New Zealand					Wouts, W. M., 1980. Biology, life cycle and re-description of Neoaplectana bibionis Bovien, 1937 (Nematoda: Steinernematidae). J. Nematol. 12: 62-72.; Peters, A., 1996. The natural host range of Steinernema and Heterorhabditis spp. and their impact on insect populations. Biocontrol Science and Technology 6: 389-402.; Klein, M. G., 1990. Efficacy against soil-inhabiting insect pests, in Entomopathogenic Nematodes in Biological Control (Gaugler, R. and Kaya, H. K., Eds) CRC Press, Boca Raton, FL, pp. 195-214.
EOL:885148	Otiorhynchus sulcatus	Larva	RO:0002557	hasPathogen	EOL:4965148	Steinernema feltiae		GEONAMES:2147291	Tasmania					Peters, A., 1996. The natural host range of Steinernema and Heterorhabditis spp. and their impact on insect populations. Biocontrol Science and Technology 6: 389-402.; Molyneux, A. S., Bedding, R. A. and Akhurst, R. J., 1983. Susceptibility of larvae of the sheep blowfly Lucilia cuprina to various Heterorhabditis spp., Neoaplectana spp., and an undescribed steinernematid (Nematoda). J. Invertebr. Pathol. 42: 1-7.
EOL:700773	Otiorhynchus ovatus	Larva	RO:0002557	hasPathogen	EOL:4965148	Steinernema feltiae		GEONAMES:660013	Finland					Vainio, A. and Hokkanen, H.M.T., 1993. The potential of entomopahtogenic fungi and nematodes against Otiorhynchus ovatus L. and O. dubius Strom. (Col: Curculionidae) in the field. Journal of Applied Entomology 115:379-387.; Peters, A., 1996. The natural host range of Steinernema and Heterorhabditis spp. and their impact on insect populations. Biocontrol Science and Technology 6: 389-402.
EOL:657271	Otiorhynchus dubius	Larva	RO:0002557	hasPathogen	EOL:4965148	Steinernema feltiae		GEONAMES:660013	Finland					Vainio, A. and Hokkanen, H.M.T., 1993. The potential of entomopahtogenic fungi and nematodes against Otiorhynchus ovatus L. and O. dubius Strom. (Col: Curculionidae) in the field. Journal of Applied Entomology 115:379-387.; Peters, A., 1996. The natural host range of Steinernema and Heterorhabditis spp. and their impact on insect populations. Biocontrol Science and Technology 6: 389-402.
EOL:882814	Phyllobius urticae	Larva	RO:0002557	hasPathogen	EOL:4965148	Steinernema feltiae		GEONAMES:2921044	Germany					Pollitt, S., Peters, A. and Ehlers, R.-U., 1994. Control potential of a naturally occurring Steinernema feltiae population. IOBC/WPRS Bulletin 17: 144-147.; Peters, A., 1996. The natural host range of Steinernema and Heterorhabditis spp. and their impact on insect populations. Biocontrol Science and Technology 6: 389-402.
	Bothynoderis punctiventris	Larva	RO:0002557	hasPathogen	EOL:4965148	Steinernema feltiae								Poinar, G. O., Jr., 1979. Nematodes for Biological Control of Insects. CRC Press, Boca Raton, FL.; Peters, A., 1996. The natural host range of Steinernema and Heterorhabditis spp. and their impact on insect populations. Biocontrol Science and Technology 6: 389-402.
	Temnorrrhinus mendicus	Larva	RO:0002557	hasPathogen	EOL:4965148	Steinernema feltiae		GEONAMES:3175395	Italy					Travassos, L., 1932. Una specie del genere Neoaplectana Steiner (Nematoda-Oxyuridae) parasita del Conorrhynchus (Cleonus) mendicus Gyll. (Coleoptera-Curculionidae). Boll. Labor. Zool. Agraria Portici 26: 115-118. (in Spanish)
EOL:10281851	Bibio hortulana	Larva	RO:0002557	hasPathogen	EOL:4965148	Steinernema feltiae		GEONAMES:2623032	Denmark					Bovien, P., 1937. Some types of association between nematodes and insects. Videnskabelige Meddelelser fra Dansk Naturhistorisk Forening 101:1-114; Peters, A., 1996. The natural host range of Steinernema and Heterorhabditis spp. and their impact on insect populations. Biocontrol Science and Technology 6: 389-402.
EOL:756665	Bibio ferruginatus	Larva	RO:0002557	hasPathogen	EOL:4965148	Steinernema feltiae		GEONAMES:2623032	Denmark					Bovien, P., 1937. Some types of association between nematodes and insects. Videnskabelige Meddelelser fra Dansk Naturhistorisk Forening 101:1-114; Peters, A., 1996. The natural host range of Steinernema and Heterorhabditis spp. and their impact on insect populations. Biocontrol Science and Technology 6: 389-402.
EOL:754001	Bibio fulviventris	Larva	RO:0002557	hasPathogen	EOL:4965148	Steinernema feltiae		GEONAMES:2921044	Germany					Stammer, H. J., 1953. Die parasiten der Bibioniden. Proc. XIV Int. Congr. Zool. Copenhagen. pp. 349-358.
EOL:753998	Bibio laniger	Larva	RO:0002557	hasPathogen	EOL:4965148	Steinernema feltiae		GEONAMES:2921044	Germany					Stammer, H. J., 1953. Die parasiten der Bibioniden. Proc. XIV Int. Congr. Zool. Copenhagen. pp. 349-358.
EOL:753987	Bibio varipes	Larva	RO:0002557	hasPathogen	EOL:4965148	Steinernema feltiae		GEONAMES:2921044	Germany					Stammer, H. J., 1953. Die parasiten der Bibioniden. Proc. XIV Int. Congr. Zool. Copenhagen. pp. 349-358.
EOL:2869488	Helicoverpa armigera	Larva	RO:0002557	hasPathogen	EOL:4965148	Steinernema feltiae		GEONAMES:2077456	Australia					Poinar, G. O., Jr., 1990. Biology and taxonomy of Steinernematidae and Heterorhabditidae, in Entomopathogenic Nematodes in Biological Control (Gaugler, R. & Kaya, H. K., eds) CRC Press, Boca Raton, FL, pp. 23-61; Peters, A., 1996. The natural host range of Steinernema and Heterorhabditis spp. and their impact on insect populations. Biocontrol Science and Technology 6: 389-402.
	Crambus simplex	Larva	RO:0002557	hasPathogen	EOL:4965148	Steinernema feltiae		GEONAMES:2186224	New Zealand					Hoy, J. M., 1954. The biology and host range of Neoaplectana leucaniae, a new species of insect-parasite nematode. Parasitology 44: 392-399.; Peters, A., 1996. The natural host range of Steinernema and Heterorhabditis spp. and their impact on insect populations. Biocontrol Science and Technology 6: 389-402.
EOL:448241	Agrotis segetum	Larva	RO:0002557	hasPathogen	EOL:4965148	Steinernema feltiae		GEONAMES:2510769	Spain					Turco, C. P., Thames, W. H., Jr and Hopkins, S. H., 1971. On the taxonomic status and comparative morphology of species of the genus Neoaplectana Steiner (Neoaplectanidae: Nematoda). Proceedings of the Helminthological Society of Washington 38: 68-79.; Peters, A., 1996. The natural host range of Steinernema and Heterorhabditis spp. and their impact on insect populations. Biocontrol Science and Technology 6: 389-402.; Caballero, Pl, Vargas-Osuna, E. and Santiago-Alvarez, C., 1989. Presencia de &#147;gusanos grises&#148; sobre diversos cultivos en Andalucia y Extremadura y sus parasitos y patogenos asociados, Boletin de Sanidad Vegetal y Plagas 15: 3-7,
EOL:2683964	Agrotinae	Larva	RO:0002557	hasPathogen	EOL:4965148	Steinernema feltiae		GEONAMES:2017370	Russia					Peters, A., 1996. The natural host range of Steinernema and Heterorhabditis spp. and their impact on insect populations. Biocontrol Science and Technology 6: 389-402.
EOL:759374	Dilophus vulgaris	Larva	RO:0002557	hasPathogen	EOL:4965148	Steinernema feltiae		GEONAMES:2623032	Denmark					Bovien, P., 1937. Some types of association between nematodes and insects. Videnskabelige Meddelelser fra Dansk Naturhistorisk Forening 101:1-114
EOL:749556	Eupeodes corollae	Larva	RO:0002557	hasPathogen	EOL:4965148	Steinernema feltiae								Bathon, H., 1996. Impact of entomopathogenic nematodes on non-target hosts. Biocontrol Science and technology 6: 421-434.
EOL:2868597	Pterostichus cupreus	Larva	RO:0002557	hasPathogen	EOL:4965148	Steinernema feltiae								Bathon, H., 1996. Impact of entomopathogenic nematodes on non-target hosts. Biocontrol Science and technology 6: 421-434.
	Leucania acontistis	Pupa	RO:0002557	hasPathogen	EOL:4965148	Steinernema feltiae		GEONAMES:2186224	New Zealand					Hoy, J. M., 1954. The biology and host range of Neoaplectana leucaniae, a new species of insect-parasite nematode. Parasitology 44: 392-399.
EOL:448042	Agrotis ipsilon	Larva	RO:0002557	hasPathogen	EOL:4965148	Steinernema feltiae		GEONAMES:2510769	Spain					Wright, P. J. and Jackson, T. A., 1988. Low temperature activity and infectivity of a parasitic nematode against porina and grass grub larvae, in Proceedings of the Forty-first New Zealand Weed and Pest Control Conference. pp. 138-140.; Peters, A., 1996. The natural host range of Steinernema and Heterorhabditis spp. and their impact on insect populations. Biocontrol Science and Technology 6: 389-402.; Caballero, Pl, Vargas-Osuna, E. and Santiago-Alvarez, C., 1989. Presencia de &#147;gusanos grises&#148; sobre diversos cultivos en Andalucia y Extremadura y sus parasitos y patogenos asociados, Boletin de Sanidad Vegetal y Plagas 15: 3-7,
EOL:365393	Cydia pomonella	Larva	RO:0002557	hasPathogen	EOL:4965151	Steinernema carpocapsae		GEONAMES:798544	Poland					Peters, A., 1996. The natural host range of Steinernema and Heterorhabditis spp. and their impact on insect populations. Biocontrol Science and Technology 6: 389-402.; Stanuszek, S. 1974. Neoaplectana feltiae complex (Nematoda: Thabditoidea, Steinernematidae) its taxonomic position within the genus Neoaplectana and intraspecific structure. Zesz. Probl. Postep&#243;w Nauk Roln. 154: 331-360.; Sandner, H. and Seryczynska, H., 1971. Changes in the ultrastructure of the fat-body of Galleria mellonella L. under the influence of invasion by Neoaplectana carpocapsae Weiser (Nematoda, Steinernematidae). Bull. l'Acad. Pol. Sci. 19: 67-69.; Vinciguerra, M. T. and Tacconi, R., 1983. Variabilita morfologica di Neoaplectana carpocapsae Weiser, 1955 (Rhabditida, Nematoda) rinvenuta in larve di Laspeyresia pomonella (L.). Bolletino del Instituto di Entomologia &#147;Guido Grandi&#148;, Universita di Bologna (Italy) 38:89-94.
EOL:609233	Anasa tristis		RO:0002557	hasPathogen	EOL:4965151	Steinernema carpocapsae								Begley, J. W., 1990. Efficacy against insect in habitats other than soil, in Entomopathogenic Nematodes in Biological Control (Gaugler, R. and Kaya, H. K., Eds) CRC Press, Boca Raton, FL, pp. 195-214.
EOL:368880	Amyelois transitella		RO:0002557	hasPathogen	EOL:4965151	Steinernema carpocapsae								Begley, J. W., 1990. Efficacy against insect in habitats other than soil, in Entomopathogenic Nematodes in Biological Control (Gaugler, R. and Kaya, H. K., Eds) CRC Press, Boca Raton, FL, pp. 195-214.
EOL:730039	Musca domestica	Adult	RO:0002557	hasPathogen	EOL:4965151	Steinernema carpocapsae								Begley, J. W., 1990. Efficacy against insect in habitats other than soil, in Entomopathogenic Nematodes in Biological Control (Gaugler, R. and Kaya, H. K., Eds) CRC Press, Boca Raton, FL, pp. 195-214.
EOL:1173704	Agriotes lineatus	Larva	RO:0002557	hasPathogen	EOL:4965151	Steinernema carpocapsae		GEONAMES:2017370	Russia					Poinar, G. O., Jr. and Veremchuk, G. V., 1970. A new strain of entomopathogenic nematodes and geographical distribution of Neoaplectana carpocapsae Weiser (Rhabditida, Steinernematidae). Zoologicheskii Zhurnal 49: 966-969. (in Russian).; Peters, A., 1996. The natural host range of Steinernema and Heterorhabditis spp. and their impact on insect populations. Biocontrol Science and Technology 6: 389-402.
EOL:2866900	Popillia japonica	Larva	RO:0002557	hasPathogen	EOL:4965151	Steinernema carpocapsae		GEONAMES:6252001	USA					Peters, A., 1996. The natural host range of Steinernema and Heterorhabditis spp. and their impact on insect populations. Biocontrol Science and Technology 6: 389-402.; Glaser, R. W., McCoy, E. E. and Girth, H. G., 1942. The biology and culture of Neoaplectana chresima, a new nematode parasitic in insects. J. Parasitol. 26: 49-495.
EOL:2866900	Popillia japonica	Larva	RO:0002557	hasPathogen	EOL:4965151	Steinernema carpocapsae		GEONAMES:6252001	USA					Poinar, G. O., Jr., 1992. Nematodes associated with Scarabaeidae, in Use of Pathogens in Scarab Pest Management (Jackson, T.A. & Glare, T.R., eds.) Intercept, Andover. pp 93-109; Peters, A., 1996. The natural host range of Steinernema and Heterorhabditis spp. and their impact on insect populations. Biocontrol Science and Technology 6: 389-402.; Klein, M. G., 1990. Efficacy against soil-inhabiting insect pests, in Entomopathogenic Nematodes in Biological Control (Gaugler, R. and Kaya, H. K., Eds) CRC Press, Boca Raton, FL, pp. 195-214.
EOL:530998	Graphognathus leucoloma	Larva	RO:0002557	hasPathogen	EOL:4965151	Steinernema carpocapsae		GEONAMES:3865483	Argentina					Peters, A., 1996. The natural host range of Steinernema and Heterorhabditis spp. and their impact on insect populations. Biocontrol Science and Technology 6: 389-402.; Ahmad, R., 1974. Studies on Graphognathus leucolma (Boh.) Col: Curculionidae and its natural enemies in the central provinces of Argentina. Tech. Bull. Commonw. Inst. Biol. Control 17: 19-28.; Ahmad, R., 1974. Investigations on the white-fringed weevils Naupactus durius Boh. and Pantomorus auripes Hustache (Coleoptera, Curculionidae) and their natural enemies in Argentina. Tech. Bull. Commonw. Inst. Biol. Control 17: 37-51.
EOL:885148	Otiorhynchus sulcatus	Larva	RO:0002557	hasPathogen	EOL:4965151	Steinernema carpocapsae		GEONAMES:3017382	France					Poinar, G. O., Jr., 1986. Recognition of Neoaplectana species. Proceedings of the Helminthological Society of Washington 53: 121-129.; Peters, A., 1996. The natural host range of Steinernema and Heterorhabditis spp. and their impact on insect populations. Biocontrol Science and Technology 6: 389-402.; Klein, M. G., 1990. Efficacy against soil-inhabiting insect pests, in Entomopathogenic Nematodes in Biological Control (Gaugler, R. and Kaya, H. K., Eds) CRC Press, Boca Raton, FL, pp. 195-214.
EOL:29354716	Cleonis mendicus	Larva	RO:0002557	hasPathogen	EOL:4965151	Steinernema carpocapsae		GEONAMES:3175395	Italy					Travassos, L., 1931. Una nova specie do genero Neoaplectana Steiner (Nematoda). Boletin Biologico, Sao Paulo 19: 150-154.; Peters, A., 1996. The natural host range of Steinernema and Heterorhabditis spp. and their impact on insect populations. Biocontrol Science and Technology 6: 389-402.
EOL:700537	Hylobius pales	Larva	RO:0002557	hasPathogen	EOL:4965151	Steinernema carpocapsae		GEONAMES:2661886	Sweden					Pye, A. E. and Burman, M., 1978. Neoaplectana carpocapsae: infection and reproduction in large pine weevil larvae, Hylobius abietis. Experimental Parasitology 46: 1-11; Peters, A., 1996. The natural host range of Steinernema and Heterorhabditis spp. and their impact on insect populations. Biocontrol Science and Technology 6: 389-402.
EOL:31288	Vespula sp.	Larva	RO:0002557	hasPathogen	EOL:4965151	Steinernema carpocapsae		GEONAMES:2147291	Tasmania					Akhurst, R. J., 1980. Morphological and functional dimorphism in Xenorhabdus spp. , bacteria symbiotically associated with insect pathogenic nematodes Neoaplectana and Heterorhabditis. Journal of General Microbiology 121: 303-309.; Peters, A., 1996. The natural host range of Steinernema and Heterorhabditis spp. and their impact on insect populations. Biocontrol Science and Technology 6: 389-402.
EOL:365393	Cydia pomonella	Larva	RO:0002557	hasPathogen	EOL:4965151	Steinernema carpocapsae		GEONAMES:6252001	USA					Peters, A., 1996. The natural host range of Steinernema and Heterorhabditis spp. and their impact on insect populations. Biocontrol Science and Technology 6: 389-402.; Dutky, S. R.; and Hough, W.S., 1955. Note on a parasitic nematode from codling moth larvae, Carpocapsae pomonella. Proc. Entomol. Soc. Wash. 57:244.
EOL:365393	Cydia pomonella	Larva	RO:0002557	hasPathogen	EOL:4965151	Steinernema carpocapsae		GEONAMES:6252001	USA					Poinar, G. O., Jr., 1986. Recognition of Neoaplectana species. Proceedings of the Helminthological Society of Washington 53: 121-129.; Peters, A., 1996. The natural host range of Steinernema and Heterorhabditis spp. and their impact on insect populations. Biocontrol Science and Technology 6: 389-402.
EOL:365393	Cydia pomonella	Larva	RO:0002557	hasPathogen	EOL:4965151	Steinernema carpocapsae		GEONAMES:3996063	Mexico					Poinar, G. O., Jr., 1986. Recognition of Neoaplectana species. Proceedings of the Helminthological Society of Washington 53: 121-129.; Peters, A., 1996. The natural host range of Steinernema and Heterorhabditis spp. and their impact on insect populations. Biocontrol Science and Technology 6: 389-402.
EOL:365393	Cydia pomonella	Larva	RO:0002557	hasPathogen	EOL:4965151	Steinernema carpocapsae		GEONAMES:3077311	Czech Republic					Weiser, J., 1955. Neoaplectana carpocapsae, n. sp. (Anguillaluata: Steinernematinae), novy cizopasn&#237;k housenek obalece jablecnho, Carpocapsa pomonnella L. Bestniik Ceskoslovenske Zoologick Spolecnosti 19: 44-51.; Peters, A., 1996. The natural host range of Steinernema and Heterorhabditis spp. and their impact on insect populations. Biocontrol Science and Technology 6: 389-402.
